event_id,date,count
2,2016-08-21,2
3,2016-02-15,1
6,2016-07-02,2
2,2016-08-20,3
6,2016-07-03,1
11,2016-10-15,21
12,2016-08-22,1
9,2016-05-04,4
14,2016-08-19,4
4,2016-06-04,1
14,2016-08-29,3
2,2016-03-20,2
5,2016-01-23,1
11,2016-01-03,4
11,2016-08-24,60
15,2016-08-17,142
12,2016-07-01,33
7,2016-07-02,1
9,2016-10-31,2
9,2016-04-27,26
9,2016-08-27,20
1,2016-09-11,2
12,2016-05-08,1
2,2016-04-14,3
12,2016-08-12,3
10,2016-04-16,11
2,2016-03-02,7
12,2016-06-12,2
2,2016-07-22,6
2,2016-03-10,6
8,2016-07-21,11
15,2016-08-27,93
12,2016-06-22,4
1,2016-04-18,1
11,2016-02-07,2
9,2016-08-07,670
8,2016-08-17,6
7,2016-08-18,1
9,2016-01-04,1
11,2016-04-09,9
9,2016-07-19,32
11,2016-03-26,5
5,2016-03-20,11
8,2016-09-28,5
15,2016-10-01,1
12,2016-10-04,1
11,2016-05-19,7
15,2016-09-02,19
5,2016-02-25,26
11,2016-03-18,5
5,2016-07-25,124
9,2016-02-06,1
5,2016-09-23,71
1,2016-05-07,4
9,2016-02-13,3
9,2016-05-10,10
7,2016-06-11,1
11,2016-09-29,21
1,2016-09-30,5
2,2016-08-25,5
3,2016-05-23,1
9,2016-10-10,14
4,2016-06-09,1
1,2016-03-29,1
2,2016-01-13,15
14,2016-09-22,1
1,2016-03-24,5
2,2016-08-28,4
9,2016-10-15,5
3,2016-08-14,2
12,2016-07-13,18
11,2016-01-09,1
7,2016-07-14,1
9,2016-08-26,45
9,2016-04-26,9
7,2016-07-03,1
9,2016-10-30,10
5,2016-06-27,527
7,2016-09-04,3
5,2016-10-26,84
2,2016-06-22,9
9,2016-03-04,7
2,2016-04-19,3
11,2016-02-18,3
5,2016-10-23,66
10,2016-10-08,1
11,2016-04-19,1
9,2016-01-14,3
7,2016-06-28,2
9,2016-09-18,10
12,2016-07-28,1
11,2016-06-22,3
2,2016-06-27,1
1,2016-10-03,1
9,2016-03-01,3
5,2016-02-01,22
9,2016-06-09,5
11,2016-10-03,28
5,2016-05-27,58
11,2016-05-07,11
2,2016-07-19,7
2,2016-04-23,11
2,2016-10-24,1
5,2016-02-15,32
11,2016-04-26,5
5,2016-08-24,41
11,2016-07-14,102
11,2016-05-10,54
2,2016-09-13,6
9,2016-06-24,12
1,2016-06-17,1
3,2016-02-20,1
1,2016-08-17,4
2,2016-08-14,4
1,2016-02-02,42
9,2016-07-05,10
3,2016-09-29,1
14,2016-09-13,1
10,2016-06-09,2
14,2016-04-09,1
13,2016-03-29,4
5,2016-07-27,93
14,2016-08-05,2
11,2016-09-21,24
9,2016-05-18,9
5,2016-04-26,30
6,2016-07-05,2
2,2016-02-02,6
9,2016-10-11,23
14,2016-09-23,3
2,2016-01-12,9
2,2016-08-24,6
1,2016-03-28,2
9,2016-10-12,6
14,2016-09-24,12
2,2016-01-11,1
2,2016-08-27,3
15,2016-08-14,9
9,2016-10-04,4
9,2016-06-30,19
11,2016-08-23,57
10,2016-05-16,3
5,2016-06-12,63
10,2016-10-16,2
2,2016-05-29,2
14,2016-02-24,1
12,2016-08-04,1
11,2016-02-21,3
1,2016-02-21,2
9,2016-09-17,38
14,2016-07-30,1
2,2016-03-01,8
11,2016-01-26,2
13,2016-07-15,1
8,2016-07-16,109
11,2016-02-12,2
10,2016-04-15,36
12,2016-06-11,1
1,2016-04-11,3
8,2016-07-28,12
6,2016-03-19,9
5,2016-03-03,43
10,2016-05-20,2
1,2016-07-12,1
8,2016-10-04,3
12,2016-07-24,3
12,2016-10-19,1
5,2016-02-06,7
2,2016-07-06,1
11,2016-05-01,3
2,2016-09-06,2
9,2016-06-13,4
2,2016-04-25,5
12,2016-02-25,6
9,2016-07-14,8
1,2016-03-30,1
11,2016-04-28,7
2,2016-07-13,1
8,2016-10-26,1
11,2016-03-05,10
15,2016-10-12,1
9,2016-07-20,51
5,2016-07-22,99
2,2016-02-03,6
12,2016-08-21,1
11,2016-08-31,48
6,2016-06-30,10
14,2016-08-16,1
14,2016-03-11,1
9,2016-02-26,1
9,2016-05-07,6
11,2016-10-16,16
10,2016-05-10,29
12,2016-07-14,26
2,2016-03-29,2
7,2016-07-13,3
13,2016-01-02,1
9,2016-10-02,6
2,2016-01-27,3
2,2016-03-21,7
5,2016-01-22,12
11,2016-01-02,5
11,2016-08-25,62
10,2016-05-18,11
15,2016-08-16,55
9,2016-10-28,4
5,2016-06-25,782
1,2016-09-08,2
10,2016-08-08,1
5,2016-10-31,130
5,2016-03-19,11
2,2016-03-04,8
12,2016-08-10,1
9,2016-08-31,23
10,2016-04-18,13
12,2016-06-14,1
2,2016-07-20,6
8,2016-08-21,1
1,2016-03-12,2
8,2016-08-16,2
8,2016-07-20,37
15,2016-08-26,261
12,2016-06-23,4
11,2016-02-06,2
9,2016-08-06,871
1,2016-05-22,2
11,2016-04-01,1
9,2016-09-08,42
7,2016-06-30,4
11,2016-10-28,54
11,2016-06-14,22
5,2016-09-08,77
11,2016-06-08,11
11,2016-03-23,4
15,2016-10-30,2
1,2016-05-18,9
14,2016-10-02,3
5,2016-07-14,77
5,2016-03-23,29
2,2016-08-19,5
9,2016-07-08,7
13,2016-04-25,1
5,2016-07-06,121
12,2016-03-16,1
10,2016-09-16,1
2,2016-10-18,2
9,2016-07-26,52
5,2016-07-28,106
5,2016-08-10,62
2,2016-02-17,8
2,2016-01-01,1
5,2016-09-25,35
14,2016-08-03,1
9,2016-05-12,10
1,2016-05-05,1
7,2016-06-17,1
15,2016-09-29,1
5,2016-09-13,67
5,2016-10-19,114
9,2016-05-02,6
3,2016-04-12,1
9,2016-02-23,4
5,2016-04-30,8
8,2016-03-25,1
11,2016-10-13,18
10,2016-10-31,1
5,2016-09-10,38
9,2016-02-20,4
14,2016-08-10,1
5,2016-06-01,62
4,2016-05-21,19
2,2016-01-29,5
3,2016-03-22,24
2,2016-05-09,18
9,2016-04-23,7
1,2016-09-15,1
5,2016-06-16,290
10,2016-07-29,1
5,2016-06-22,274
5,2016-10-25,86
10,2016-10-02,1
11,2016-04-13,9
2,2016-05-31,8
12,2016-05-02,2
11,2016-06-28,1
2,2016-03-08,6
9,2016-03-07,7
2,2016-06-16,1
11,2016-04-06,3
14,2016-07-20,34
11,2016-10-23,26
2,2016-03-19,4
11,2016-07-27,90
9,2016-09-03,13
1,2016-08-20,4
12,2016-02-07,1
2,2016-04-03,3
10,2016-04-27,13
5,2016-02-05,17
14,2016-07-14,26
8,2016-08-08,6
9,2016-08-18,400
2,2016-07-15,1
5,2016-08-28,26
12,2016-04-30,1
5,2016-07-10,47
5,2016-03-27,7
11,2016-03-30,4
7,2016-08-31,1
2,2016-10-31,2
12,2016-10-31,2
2,2016-09-19,7
1,2016-01-29,31
11,2016-09-03,40
15,2016-09-05,10
12,2016-09-09,1
13,2016-03-24,12
11,2016-03-17,5
11,2016-09-19,27
9,2016-02-05,3
9,2016-05-20,3
3,2016-03-30,2
2,2016-02-07,15
6,2016-08-30,1
1,2016-01-23,2
11,2016-03-03,2
9,2016-05-30,6
11,2016-09-09,34
15,2016-10-14,4
5,2016-06-05,22
3,2016-03-26,1
13,2016-04-12,1
4,2016-05-25,2
1,2016-09-26,1
12,2016-07-18,4
11,2016-01-06,1
3,2016-08-29,1
11,2016-08-21,70
9,2016-10-06,8
5,2016-01-26,8
10,2016-05-14,4
14,2016-08-21,2
5,2016-04-06,10
5,2016-01-07,3
10,2016-08-07,5
9,2016-10-27,23
2,2016-07-24,1
1,2016-09-07,7
10,2016-05-31,2
12,2016-08-14,1
8,2016-08-25,2
5,2016-03-16,24
9,2016-08-08,745
8,2016-08-18,4
11,2016-10-25,24
2,2016-03-13,6
11,2016-07-29,55
6,2016-05-13,1
15,2016-08-20,50
9,2016-08-04,236
8,2016-08-14,2
1,2016-03-07,2
9,2016-06-06,7
9,2016-08-13,586
8,2016-07-31,2
3,2016-10-29,2
1,2016-07-07,3
8,2016-08-03,7
11,2016-06-09,2
1,2016-05-19,2
11,2016-03-22,1
14,2016-10-03,1
1,2016-10-28,2
9,2016-06-16,8
2,2016-04-28,8
9,2016-07-11,13
5,2016-07-13,94
2,2016-07-16,1
5,2016-03-28,8
11,2016-03-07,6
5,2016-02-28,21
11,2016-07-18,155
15,2016-09-07,13
2,2016-10-14,2
14,2016-09-30,6
5,2016-08-14,76
1,2016-06-30,1
1,2016-01-22,8
11,2016-03-02,2
9,2016-05-31,2
11,2016-09-08,41
14,2016-09-20,5
3,2016-08-13,2
2,2016-08-23,3
10,2016-09-28,1
2,2016-05-03,2
5,2016-10-17,114
3,2016-03-28,2
9,2016-05-08,3
5,2016-09-15,57
2,2016-03-23,1
9,2016-10-08,11
15,2016-08-10,7
11,2016-08-27,48
1,2016-09-28,4
10,2016-05-03,3
12,2016-07-07,4
7,2016-07-04,13
10,2016-04-08,129
9,2016-04-29,22
12,2016-06-04,1
9,2016-08-21,610
5,2016-04-18,19
11,2016-02-13,3
9,2016-09-16,74
11,2016-01-27,2
2,2016-04-16,2
8,2016-07-17,53
10,2016-04-14,39
12,2016-06-10,2
1,2016-08-24,2
11,2016-10-27,75
2,2016-03-15,9
2,2016-04-07,3
15,2016-08-22,36
10,2016-04-23,7
12,2016-06-27,1
2,2016-07-31,1
1,2016-05-28,6
10,2016-08-26,4
9,2016-01-06,2
9,2016-04-10,2
5,2016-09-02,48
5,2016-07-15,62
5,2016-03-22,22
8,2016-04-18,1
11,2016-03-06,7
5,2016-02-29,32
11,2016-07-19,162
15,2016-09-06,13
9,2016-07-21,27
5,2016-07-23,56
5,2016-09-28,72
15,2016-10-16,1
11,2016-03-01,8
9,2016-10-13,4
2,2016-08-26,2
11,2016-08-28,47
5,2016-04-02,13
2,2016-03-24,6
15,2016-08-13,14
12,2016-08-30,1
13,2016-10-07,1
9,2016-08-22,329
12,2016-07-04,7
9,2016-09-27,11
12,2016-05-11,2
9,2016-03-10,2
7,2016-06-20,1
11,2016-02-15,4
9,2016-09-10,53
9,2016-03-09,8
11,2016-04-11,3
8,2016-07-19,37
10,2016-08-14,1
1,2016-03-10,3
8,2016-07-22,5
15,2016-08-24,181
10,2016-04-29,5
10,2016-05-26,2
1,2016-07-18,1
11,2016-01-30,2
8,2016-08-10,1
8,2016-10-02,1
5,2016-03-05,19
14,2016-10-04,1
11,2016-06-02,9
1,2016-10-23,1
2,2016-06-07,1
8,2016-04-21,2
5,2016-05-23,45
11,2016-05-03,1
9,2016-06-11,2
1,2016-06-04,2
2,2016-04-27,5
9,2016-07-16,28
5,2016-08-20,26
4,2016-05-19,22
1,2016-07-21,3
11,2016-03-04,4
15,2016-10-13,2
13,2016-03-15,1
2,2016-02-12,7
2,2016-01-04,2
12,2016-03-31,1
9,2016-07-23,23
15,2016-10-17,1
15,2016-09-30,1
9,2016-10-16,4
3,2016-04-22,2
9,2016-09-30,9
2,2016-03-26,9
10,2016-05-01,4
1,2016-04-30,3
12,2016-07-05,3
7,2016-07-06,3
4,2016-06-24,1
12,2016-06-06,4
9,2016-08-23,111
6,2016-03-03,1
7,2016-10-26,3
5,2016-06-21,247
11,2016-06-20,2
9,2016-01-12,2
9,2016-04-08,7
2,2016-06-25,2
11,2016-10-26,21
2,2016-03-14,9
2,2016-04-06,6
1,2016-08-25,5
15,2016-08-23,51
10,2016-04-22,9
2,2016-07-30,1
11,2016-02-03,2
2,2016-06-09,1
14,2016-10-06,5
11,2016-06-04,5
1,2016-05-14,1
11,2016-10-02,31
5,2016-05-26,43
11,2016-05-06,30
5,2016-08-25,60
2,2016-04-22,1
2,2016-10-25,1
5,2016-02-14,10
11,2016-04-27,4
2,2016-07-18,1
1,2016-06-01,3
9,2016-05-29,4
12,2016-10-26,2
1,2016-01-14,1
2,2016-10-04,5
11,2016-09-10,36
11,2016-08-17,68
2,2016-10-13,3
1,2016-01-27,21
2,2016-08-22,6
14,2016-09-21,4
15,2016-05-31,1
6,2016-07-01,4
2,2016-01-14,3
10,2016-09-29,7
4,2016-05-24,6
5,2016-06-04,19
6,2016-03-22,1
11,2016-08-29,65
12,2016-08-31,2
5,2016-04-03,8
2,2016-03-25,3
15,2016-08-12,24
10,2016-05-07,5
5,2016-01-13,6
15,2016-08-09,6
5,2016-04-14,37
1,2016-02-29,8
10,2016-04-04,264
11,2016-04-14,7
11,2016-02-10,3
10,2016-07-09,1
11,2016-01-24,3
9,2016-09-15,52
2,2016-04-11,3
15,2016-08-30,70
10,2016-04-13,59
14,2016-07-23,8
11,2016-10-20,24
2,2016-03-16,9
11,2016-07-24,170
1,2016-03-19,2
12,2016-02-04,4
10,2016-04-20,13
12,2016-06-24,2
8,2016-08-04,4
12,2016-04-20,1
9,2016-04-14,10
9,2016-08-14,738
5,2016-08-29,47
5,2016-07-11,65
5,2016-03-26,5
2,2016-08-18,5
9,2016-07-09,7
5,2016-07-07,84
1,2016-07-25,18
10,2016-06-05,2
10,2016-09-17,1
3,2016-01-03,1
8,2016-09-02,1
1,2016-06-24,1
9,2016-02-08,1
11,2016-09-14,33
15,2016-09-12,3
11,2016-08-13,91
5,2016-08-08,74
11,2016-05-31,6
2,2016-01-07,6
12,2016-09-05,1
2,2016-02-11,12
9,2016-07-24,78
1,2016-01-26,16
11,2016-10-14,14
9,2016-05-05,4
12,2016-08-23,1
13,2016-08-22,3
5,2016-04-04,17
10,2016-05-06,26
1,2016-02-28,2
5,2016-01-12,4
11,2016-01-14,4
5,2016-04-15,46
15,2016-08-08,1
10,2016-04-05,277
12,2016-06-01,1
3,2016-03-09,1
10,2016-07-19,2
5,2016-06-30,193
11,2016-06-21,4
9,2016-01-13,1
2,2016-06-24,2
9,2016-04-09,2
15,2016-10-29,2
9,2016-01-09,1
11,2016-04-04,4
9,2016-09-05,24
1,2016-08-22,7
11,2016-07-21,120
2,2016-06-14,1
2,2016-04-01,8
14,2016-07-26,4
15,2016-08-28,63
10,2016-04-25,5
5,2016-07-18,112
11,2016-03-25,6
8,2016-09-21,1
5,2016-05-28,7
2,2016-10-23,3
11,2016-10-04,32
1,2016-07-20,4
12,2016-04-04,1
4,2016-01-30,1
11,2016-03-10,3
9,2016-05-27,9
13,2016-03-23,23
15,2016-09-14,6
11,2016-09-28,11
5,2016-09-22,82
1,2016-05-06,1
9,2016-02-12,7
9,2016-05-11,6
7,2016-06-10,1
1,2016-01-25,9
9,2016-05-01,3
11,2016-10-10,14
12,2016-05-27,1
13,2016-08-25,1
3,2016-04-21,1
5,2016-04-07,27
10,2016-05-02,1
5,2016-04-19,29
7,2016-07-05,29
13,2016-10-05,4
9,2016-04-28,7
10,2016-04-09,87
12,2016-06-05,2
12,2016-07-06,4
6,2016-04-09,1
9,2016-08-20,553
1,2016-09-01,13
9,2016-10-21,3
1,2016-04-06,2
5,2016-03-10,17
9,2016-01-25,3
10,2016-08-01,2
12,2016-07-21,1
9,2016-04-03,1
11,2016-06-10,2
5,2016-09-04,84
1,2016-10-31,2
2,2016-04-08,5
9,2016-03-24,2
5,2016-02-03,33
5,2016-05-24,39
11,2016-05-08,1
1,2016-06-03,1
1,2016-08-03,1
2,2016-10-27,8
5,2016-02-12,8
11,2016-04-21,8
5,2016-08-27,37
12,2016-09-29,1
11,2016-07-11,69
1,2016-02-07,5
9,2016-06-29,9
1,2016-06-12,1
11,2016-05-15,6
1,2016-08-12,5
11,2016-09-04,39
5,2016-02-21,55
15,2016-06-18,1
2,2016-01-09,3
5,2016-07-20,162
5,2016-04-27,36
14,2016-08-04,2
8,2016-09-14,2
11,2016-09-20,39
11,2016-08-01,77
9,2016-05-19,6
1,2016-01-24,3
14,2016-08-15,1
9,2016-02-25,4
11,2016-10-11,18
14,2016-08-26,1
5,2016-04-05,19
6,2016-06-10,1
7,2016-01-14,1
1,2016-02-20,3
11,2016-02-20,5
5,2016-01-04,2
11,2016-01-28,1
9,2016-10-24,5
5,2016-06-29,193
5,2016-03-15,30
8,2016-08-26,1
9,2016-01-28,2
1,2016-09-04,3
1,2016-03-16,8
5,2016-03-07,21
3,2016-09-16,1
8,2016-08-12,7
1,2016-04-15,3
1,2016-07-16,2
9,2016-08-02,155
10,2016-05-24,2
8,2016-07-24,11
12,2016-04-28,1
5,2016-09-06,81
11,2016-06-03,7
1,2016-05-17,5
11,2016-10-07,15
11,2016-07-03,5
2,2016-09-08,3
9,2016-06-19,4
2,2016-10-20,6
5,2016-02-11,11
11,2016-04-22,6
15,2016-09-01,28
1,2016-02-08,19
11,2016-09-07,64
5,2016-02-26,34
11,2016-07-12,78
2,2016-01-05,2
2,2016-02-13,4
12,2016-09-03,1
9,2016-07-22,28
10,2016-09-30,3
8,2016-09-16,1
9,2016-02-18,6
1,2016-05-08,1
11,2016-09-26,26
11,2016-08-07,113
5,2016-04-21,32
5,2016-05-09,35
12,2016-04-12,1
10,2016-09-08,2
5,2016-06-08,94
5,2016-10-14,106
5,2016-09-16,61
5,2016-06-19,108
5,2016-10-05,120
3,2016-03-14,2
6,2016-06-29,32
2,2016-05-11,1
10,2016-07-22,1
7,2016-09-03,6
10,2016-10-13,1
2,2016-05-24,2
9,2016-09-21,24
12,2016-08-09,1
1,2016-09-06,5
5,2016-01-06,6
12,2016-06-19,2
9,2016-10-26,2
10,2016-08-06,6
8,2016-08-24,5
1,2016-04-01,2
2,2016-07-25,4
5,2016-03-17,17
10,2016-05-30,4
8,2016-08-11,3
11,2016-01-31,7
10,2016-05-27,3
8,2016-07-23,8
15,2016-08-25,159
10,2016-04-28,9
11,2016-02-05,4
1,2016-07-19,2
9,2016-08-01,82
1,2016-03-11,3
5,2016-03-04,30
9,2016-04-11,3
7,2016-10-01,1
1,2016-05-29,1
5,2016-09-03,34
2,2016-06-08,1
14,2016-10-07,1
11,2016-06-05,4
1,2016-10-24,1
15,2016-10-06,1
8,2016-09-23,2
11,2016-07-06,26
1,2016-08-05,3
15,2016-09-03,21
11,2016-09-01,46
11,2016-05-18,10
5,2016-02-24,67
11,2016-05-30,5
9,2016-07-25,80
2,2016-02-10,11
12,2016-09-04,1
2,2016-01-06,29
5,2016-09-26,63
11,2016-09-24,17
5,2016-04-23,34
11,2016-08-05,107
5,2016-05-08,12
12,2016-04-13,1
14,2016-06-28,1
12,2016-09-18,1
2,2016-05-01,2
5,2016-06-09,64
5,2016-09-17,37
5,2016-10-15,50
12,2016-07-10,7
3,2016-03-24,2
13,2016-04-10,4
4,2016-05-27,1
5,2016-06-07,81
11,2016-02-26,30
10,2016-05-04,1
5,2016-01-10,3
11,2016-01-12,10
5,2016-04-17,5
1,2016-02-26,2
10,2016-04-07,159
12,2016-07-08,12
12,2016-06-03,2
5,2016-03-13,9
9,2016-10-22,5
9,2016-04-30,4
7,2016-10-20,1
1,2016-04-05,2
12,2016-08-19,1
1,2016-09-02,10
2,2016-07-29,17
5,2016-10-22,39
10,2016-10-09,1
11,2016-04-18,3
2,2016-06-26,1
12,2016-07-29,1
7,2016-08-09,1
1,2016-10-02,1
11,2016-06-23,3
9,2016-09-19,15
12,2016-04-29,2
5,2016-09-07,64
9,2016-01-03,1
9,2016-03-25,5
2,2016-04-30,4
5,2016-02-02,34
5,2016-05-22,21
11,2016-05-02,1
2,2016-09-01,4
9,2016-06-10,6
2,2016-04-26,2
9,2016-07-17,19
5,2016-08-21,80
8,2016-10-25,3
13,2016-04-23,1
11,2016-03-31,2
10,2016-09-18,1
1,2016-02-14,7
3,2016-05-04,1
8,2016-09-05,1
11,2016-09-17,38
2,2016-10-03,4
11,2016-08-10,123
8,2016-03-05,2
8,2016-09-19,1
2,2016-08-30,3
9,2016-07-29,86
5,2016-08-13,43
2,2016-02-14,6
2,2016-01-02,5
12,2016-09-17,1
12,2016-03-06,2
12,2016-04-14,52
11,2016-03-09,1
5,2016-10-16,60
3,2016-03-29,1
9,2016-05-09,4
2,2016-05-02,3
5,2016-09-14,121
1,2016-09-29,2
9,2016-10-09,3
15,2016-08-11,6
2,2016-03-22,1
11,2016-08-26,59
11,2016-02-22,1
10,2016-04-03,56
10,2016-05-08,8
5,2016-04-13,16
9,2016-03-18,6
5,2016-01-14,16
12,2016-08-07,1
1,2016-02-22,2
2,2016-03-31,5
15,2016-03-30,3
12,2016-06-17,2
2,2016-07-27,7
8,2016-08-22,1
12,2016-08-17,2
2,2016-03-07,7
5,2016-03-02,34
8,2016-07-29,4
7,2016-10-17,2
10,2016-08-13,1
14,2016-10-13,2
9,2016-01-05,2
5,2016-09-01,67
11,2016-04-08,2
2,2016-06-01,3
7,2016-06-02,1
9,2016-03-27,1
11,2016-10-30,22
1,2016-03-09,3
11,2016-07-08,42
11,2016-05-04,7
2,2016-09-03,1
1,2016-06-07,1
2,2016-04-20,1
5,2016-02-16,30
5,2016-05-20,34
11,2016-04-25,3
5,2016-08-23,125
10,2016-09-15,1
12,2016-03-15,1
1,2016-07-23,3
5,2016-07-09,59
15,2016-10-09,1
1,2016-02-18,11
8,2016-09-01,1
2,2016-10-07,5
15,2016-09-11,8
11,2016-08-14,81
11,2016-09-13,40
15,2016-09-22,2
2,2016-10-12,4
4,2016-06-15,5
14,2016-08-08,1
10,2016-09-07,10
13,2016-03-19,2
12,2016-04-15,4
11,2016-03-08,7
11,2016-10-17,13
8,2016-03-21,2
9,2016-05-06,1
9,2016-02-27,1
5,2016-06-18,91
5,2016-10-04,153
10,2016-10-27,2
6,2016-06-28,15
3,2016-03-15,4
2,2016-05-10,3
11,2016-02-27,39
12,2016-07-09,14
5,2016-01-11,4
10,2016-05-05,7
5,2016-04-16,15
11,2016-01-13,7
15,2016-08-07,2
1,2016-02-27,6
10,2016-04-06,147
12,2016-06-02,13
10,2016-07-18,1
9,2016-01-26,3
9,2016-04-04,6
5,2016-10-29,38
5,2016-03-09,39
11,2016-06-24,5
9,2016-04-12,6
14,2016-10-16,1
11,2016-06-18,7
9,2016-07-18,54
10,2016-08-30,1
5,2016-03-21,20
11,2016-03-27,6
2,2016-09-07,4
2,2016-04-24,10
12,2016-02-24,4
9,2016-07-15,13
1,2016-03-31,2
3,2016-10-13,1
2,2016-07-12,2
11,2016-04-29,5
5,2016-05-19,31
5,2016-07-04,156
10,2016-06-02,2
1,2016-07-26,3
11,2016-03-19,4
5,2016-07-24,121
9,2016-02-07,7
9,2016-02-17,5
9,2016-05-14,5
10,2016-06-12,4
12,2016-04-16,1
12,2016-09-15,1
2,2016-02-27,2
11,2016-05-29,7
10,2016-09-04,2
5,2016-10-11,111
2,2016-05-05,3
9,2016-01-31,2
2,2016-05-16,3
5,2016-10-02,103
9,2016-03-17,4
9,2016-09-20,6
10,2016-10-12,1
4,2016-10-09,1
9,2016-08-30,21
5,2016-01-02,1
11,2016-01-22,3
10,2016-04-19,10
12,2016-06-15,3
12,2016-08-11,1
8,2016-08-20,1
11,2016-10-24,20
2,2016-03-12,4
11,2016-07-28,79
6,2016-05-12,1
9,2016-08-05,525
15,2016-08-21,26
12,2016-06-20,4
11,2016-02-01,6
8,2016-08-15,3
9,2016-08-15,655
12,2016-04-21,7
9,2016-04-15,5
14,2016-10-15,7
8,2016-08-05,10
10,2016-08-23,1
11,2016-03-21,6
7,2016-08-28,4
9,2016-03-29,4
11,2016-06-06,7
1,2016-10-27,4
5,2016-07-05,150
3,2016-09-27,2
1,2016-07-27,2
5,2016-05-18,51
7,2016-09-28,1
1,2016-01-28,53
2,2016-09-18,3
15,2016-09-04,10
11,2016-09-02,24
12,2016-01-02,1
2,2016-10-19,1
9,2016-07-27,87
5,2016-07-29,58
12,2016-09-06,1
5,2016-08-11,64
2,2016-02-16,2
5,2016-04-28,49
9,2016-02-11,5
9,2016-05-16,4
5,2016-09-21,74
2,2016-02-09,5
2,2016-02-26,6
10,2016-09-05,1
12,2016-09-14,1
10,2016-06-13,1
11,2016-05-28,6
2,2016-08-29,2
1,2016-03-25,2
9,2016-10-14,3
14,2016-09-26,1
14,2016-04-14,1
4,2016-05-29,2
12,2016-07-12,5
10,2016-10-29,2
6,2016-06-22,1
14,2016-08-22,2
2,2016-03-27,4
4,2016-07-05,1
5,2016-04-01,10
11,2016-02-28,29
7,2016-09-07,1
9,2016-09-25,3
12,2016-05-17,1
2,2016-05-20,2
1,2016-10-10,1
9,2016-03-12,6
5,2016-10-27,265
10,2016-10-04,5
2,2016-06-23,4
11,2016-02-19,2
9,2016-03-05,6
2,2016-04-18,1
2,2016-06-17,1
9,2016-09-02,13
11,2016-10-22,19
2,2016-03-18,13
11,2016-07-26,41
14,2016-07-21,49
2,2016-04-02,2
11,2016-04-07,7
10,2016-04-26,8
9,2016-06-07,16
10,2016-06-22,1
8,2016-07-30,2
8,2016-08-02,10
12,2016-04-26,1
9,2016-08-12,809
8,2016-10-14,1
9,2016-06-17,17
2,2016-04-29,9
9,2016-07-10,5
5,2016-07-12,76
2,2016-07-17,2
5,2016-03-29,19
9,2016-06-23,36
1,2016-08-18,6
9,2016-07-02,7
12,2016-09-23,4
15,2016-04-07,1
5,2016-05-15,38
7,2016-04-29,1
12,2016-10-24,2
1,2016-02-19,4
2,2016-10-06,5
11,2016-09-12,35
15,2016-09-10,6
11,2016-08-15,93
14,2016-09-08,1
9,2016-07-28,88
5,2016-08-12,52
12,2016-01-05,1
2,2016-02-15,3
2,2016-08-31,6
12,2016-04-18,1
11,2016-05-27,4
2,2016-02-25,11
5,2016-07-30,19
4,2016-06-02,6
1,2016-03-26,2
9,2016-10-17,3
10,2016-05-13,11
5,2016-01-29,10
12,2016-07-17,6
11,2016-01-05,3
9,2016-10-01,4
15,2016-08-19,58
5,2016-10-07,157
2,2016-05-13,2
5,2016-04-08,26
3,2016-03-16,1
9,2016-10-29,6
5,2016-03-18,18
5,2016-06-24,3409
5,2016-10-30,118
10,2016-08-09,1
1,2016-09-09,1
3,2016-03-03,2
10,2016-07-17,1
5,2016-10-21,93
2,2016-06-21,1
9,2016-03-03,5
10,2016-07-02,1
10,2016-10-06,2
1,2016-05-26,1
11,2016-04-05,12
14,2016-07-27,1
11,2016-07-20,256
2,2016-06-15,1
1,2016-08-23,2
12,2016-02-08,1
10,2016-04-24,3
15,2016-08-29,78
9,2016-09-04,10
5,2016-02-07,5
2,2016-07-07,1
6,2016-01-14,1
2,2016-09-05,12
9,2016-06-14,5
1,2016-06-09,2
12,2016-02-26,1
9,2016-07-13,11
3,2016-10-15,5
2,2016-07-10,2
11,2016-07-15,69
1,2016-02-03,22
2,2016-09-12,9
3,2016-09-28,8
1,2016-08-16,7
2,2016-08-15,5
10,2016-06-08,2
14,2016-09-12,1
12,2016-09-25,1
11,2016-05-11,12
9,2016-06-25,6
9,2016-07-04,9
15,2016-05-02,1
12,2016-10-27,4
9,2016-05-28,15
2,2016-10-05,3
11,2016-09-11,40
15,2016-09-17,1
11,2016-08-16,85
2,2016-10-15,5
15,2016-05-21,1
5,2016-08-15,68
2,2016-08-08,2
10,2016-06-15,17
12,2016-04-19,2
5,2016-07-31,22
2,2016-02-24,3
12,2016-03-03,1
11,2016-05-26,1
10,2016-09-03,3
3,2016-03-23,14
2,2016-05-08,12
2,2016-01-28,7
4,2016-05-20,15
5,2016-10-01,39
2,2016-05-15,4
12,2016-05-10,2
9,2016-03-11,12
9,2016-09-26,8
11,2016-04-15,2
9,2016-09-14,75
5,2016-01-09,1
11,2016-02-11,1
11,2016-01-25,2
8,2016-07-15,52
13,2016-08-06,1
10,2016-04-12,54
15,2016-08-31,31
1,2016-05-24,2
2,2016-06-13,3
9,2016-09-06,23
14,2016-07-25,12
11,2016-07-22,96
11,2016-06-16,2
11,2016-04-03,4
9,2016-06-04,3
10,2016-06-21,1
12,2016-04-25,2
1,2016-07-01,1
2,2016-07-08,1
9,2016-08-11,804
8,2016-08-01,2
1,2016-10-26,2
11,2016-03-20,9
7,2016-08-29,4
14,2016-10-01,5
11,2016-06-07,8
5,2016-05-16,43
5,2016-07-03,82
10,2016-09-13,1
10,2016-06-01,1
2,2016-10-02,2
11,2016-08-11,110
8,2016-09-04,3
1,2016-02-15,12
11,2016-09-16,30
15,2016-09-27,2
11,2016-08-08,117
2,2016-10-17,4
5,2016-08-17,67
10,2016-09-25,1
1,2016-05-02,2
9,2016-02-16,9
9,2016-05-15,6
9,2016-07-30,52
10,2016-06-16,8
12,2016-09-11,1
5,2016-08-06,30
2,2016-02-23,15
5,2016-05-01,12
11,2016-05-25,19
2,2016-05-04,2
5,2016-10-10,93
10,2016-07-26,1
14,2016-08-25,2
5,2016-10-09,71
4,2016-07-02,1
14,2016-08-31,2
2,2016-03-30,4
11,2016-02-23,1
10,2016-05-09,34
5,2016-04-12,27
9,2016-03-19,2
15,2016-03-31,3
15,2016-07-15,1
1,2016-02-23,6
12,2016-08-06,1
2,2016-04-15,5
10,2016-04-17,6
2,2016-03-03,6
12,2016-08-13,1
1,2016-03-14,1
8,2016-07-26,6
10,2016-08-10,1
12,2016-06-29,3
1,2016-04-13,4
11,2016-02-08,3
5,2016-03-01,24
10,2016-05-22,2
10,2016-08-25,2
9,2016-04-13,7
11,2016-06-19,1
1,2016-03-08,5
11,2016-10-31,46
8,2016-09-22,1
11,2016-07-07,49
1,2016-08-04,4
10,2016-06-06,5
1,2016-07-22,4
5,2016-07-08,97
10,2016-09-14,1
9,2016-02-01,10
11,2016-03-13,4
9,2016-05-24,7
2,2016-10-09,3
1,2016-01-11,1
5,2016-04-20,31
14,2016-08-07,3
13,2016-03-30,1
8,2016-09-17,3
1,2016-01-01,1
9,2016-02-19,9
11,2016-09-27,15
1,2016-05-09,11
11,2016-08-06,98
5,2016-08-07,22
9,2016-07-31,53
11,2016-05-24,9
2,2016-02-22,5
10,2016-06-17,2
5,2016-01-30,3
12,2016-08-27,2
3,2016-02-19,5
11,2016-09-30,18
11,2016-10-18,35
9,2016-10-18,12
4,2016-06-01,1
1,2016-03-21,6
10,2016-05-12,9
12,2016-07-16,24
11,2016-01-04,4
5,2016-01-28,10
15,2016-08-18,93
1,2016-04-23,1
2,2016-05-12,3
5,2016-10-06,99
3,2016-03-17,5
10,2016-07-25,3
5,2016-04-09,13
13,2016-04-09,2
9,2016-01-22,2
12,2016-05-18,4
10,2016-10-18,1
5,2016-06-23,271
1,2016-10-17,1
4,2016-10-18,1
9,2016-03-02,6
2,2016-06-20,3
5,2016-10-20,105
1,2016-05-25,1
2,2016-06-12,1
14,2016-07-24,17
9,2016-09-07,46
11,2016-07-23,67
11,2016-06-17,3
11,2016-04-02,8
3,2016-10-27,2
9,2016-06-08,4
5,2016-05-21,42
11,2016-05-05,12
2,2016-09-02,3
11,2016-07-09,55
5,2016-02-17,33
11,2016-04-24,4
5,2016-08-22,98
11,2016-07-16,207
1,2016-02-04,3
2,2016-09-11,9
1,2016-06-15,2
1,2016-08-11,9
2,2016-08-16,4
5,2016-02-22,97
3,2016-02-22,2
11,2016-05-16,8
5,2016-08-31,63
11,2016-03-11,6
13,2016-03-22,66
15,2016-09-15,4
1,2016-01-13,1
9,2016-05-26,8
5,2016-08-18,100
15,2016-09-24,2
4,2016-06-13,1
2,2016-10-10,3
1,2016-06-28,4
11,2016-05-23,9
5,2016-05-03,20
2,2016-02-21,2
5,2016-08-04,78
5,2016-09-12,54
5,2016-10-18,88
12,2016-08-29,1
14,2016-08-12,3
14,2016-03-15,1
9,2016-02-22,5
9,2016-05-03,8
11,2016-10-12,23
2,2016-05-14,1
3,2016-03-11,1
11,2016-02-24,3
5,2016-04-11,7
9,2016-09-29,15
11,2016-01-10,2
1,2016-02-24,8
15,2016-08-04,2
9,2016-10-23,7
2,2016-07-28,5
12,2016-07-31,1
12,2016-08-18,3
1,2016-09-03,2
5,2016-03-12,7
7,2016-10-21,1
10,2016-08-19,2
5,2016-03-08,33
5,2016-10-28,174
9,2016-04-05,6
11,2016-06-25,5
12,2016-04-22,5
9,2016-04-16,1
8,2016-08-06,3
5,2016-03-31,20
9,2016-08-16,624
7,2016-08-10,1
15,2016-04-11,4
7,2016-08-26,2
5,2016-07-16,53
5,2016-03-25,7
11,2016-10-05,15
5,2016-05-29,20
8,2016-09-20,2
1,2016-08-06,1
2,2016-10-22,2
11,2016-07-01,16
9,2016-06-22,12
5,2016-05-14,39
1,2016-08-19,5
5,2016-07-01,204
14,2016-04-08,1
5,2016-07-26,36
13,2016-03-28,7
10,2016-09-27,1
9,2016-02-14,5
1,2016-06-29,1
10,2016-06-19,1
5,2016-08-05,93
2,2016-02-20,5
5,2016-05-02,26
11,2016-05-22,4
1,2016-04-28,2
3,2016-03-21,72
6,2016-03-20,3
4,2016-05-22,7
5,2016-06-02,44
5,2016-06-11,72
9,2016-04-20,7
2,2016-01-31,2
1,2016-09-16,8
9,2016-08-28,16
13,2016-04-02,1
2,2016-05-19,2
11,2016-06-30,7
9,2016-09-24,2
1,2016-10-11,1
11,2016-02-29,15
11,2016-04-16,2
9,2016-09-13,44
12,2016-05-07,1
2,2016-04-13,2
10,2016-04-11,68
11,2016-02-16,3
9,2016-04-19,9
14,2016-10-19,1
1,2016-05-21,3
14,2016-07-28,3
11,2016-06-13,5
9,2016-03-30,5
1,2016-08-28,4
9,2016-06-05,2
2,2016-07-09,6
9,2016-08-10,936
10,2016-06-20,1
5,2016-07-19,101
11,2016-03-24,7
2,2016-09-16,3
9,2016-06-21,10
3,2016-02-25,3
12,2016-09-21,2
2,2016-08-11,2
5,2016-05-13,63
2,2016-10-01,3
2,2016-09-29,3
8,2016-09-03,1
9,2016-02-09,4
11,2016-09-15,37
15,2016-09-13,8
11,2016-08-12,97
5,2016-08-09,89
3,2016-02-01,2
2,2016-10-16,6
15,2016-09-26,4
11,2016-08-09,113
5,2016-08-16,83
2,2016-02-19,5
15,2016-01-12,1
2,2016-02-05,4
9,2016-02-15,4
2,2016-09-22,10
12,2016-01-11,2
2,2016-08-03,11
11,2016-08-19,68
5,2016-08-02,59
5,2016-05-05,16
11,2016-05-21,9
12,2016-07-11,3
4,2016-05-26,2
7,2016-07-16,1
5,2016-06-06,78
6,2016-07-15,1
2,2016-01-22,9
13,2016-04-11,3
10,2016-05-17,5
5,2016-01-25,4
11,2016-08-22,61
9,2016-10-05,2
15,2016-08-15,28
1,2016-04-26,1
12,2016-07-03,6
5,2016-06-14,153
9,2016-04-25,7
9,2016-08-25,53
3,2016-03-19,2
1,2016-09-13,2
13,2016-04-07,3
2,2016-03-06,2
5,2016-01-01,1
12,2016-06-16,1
12,2016-08-16,1
8,2016-08-23,1
2,2016-07-26,4
9,2016-08-09,864
8,2016-08-19,2
12,2016-07-23,3
9,2016-04-01,1
1,2016-05-23,2
2,2016-06-10,1
9,2016-09-09,52
11,2016-10-29,32
11,2016-06-15,5
5,2016-09-09,57
6,2016-01-13,2
1,2016-03-05,6
10,2016-06-25,3
6,2016-10-06,1
12,2016-06-30,1
14,2016-07-19,39
5,2016-05-31,49
1,2016-03-02,3
9,2016-06-03,20
14,2016-05-03,1
2,2016-07-03,1
14,2016-07-16,30
1,2016-07-28,2
15,2016-10-02,1
12,2016-10-07,1
8,2016-09-27,3
1,2016-01-31,12
1,2016-08-09,3
2,2016-10-29,4
5,2016-02-18,47
1,2016-02-16,8
2,2016-09-25,4
8,2016-09-07,1
1,2016-06-21,1
2,2016-08-04,1
2,2016-02-28,1
5,2016-04-22,67
5,2016-09-27,64
11,2016-09-25,20
11,2016-08-04,87
11,2016-08-18,53
2,2016-09-23,9
11,2016-05-20,10
5,2016-05-04,32
5,2016-08-03,63
5,2016-09-18,52
9,2016-02-28,1
5,2016-10-12,109
2,2016-05-06,9
10,2016-07-27,2
4,2016-07-03,1
14,2016-08-24,1
5,2016-10-08,75
4,2016-07-17,1
9,2016-09-23,7
9,2016-03-14,7
11,2016-04-17,1
9,2016-09-12,52
7,2016-06-26,1
2,2016-04-12,3
11,2016-02-17,6
10,2016-04-10,102
1,2016-03-15,1
8,2016-07-27,3
12,2016-06-28,4
11,2016-02-09,9
1,2016-04-12,6
12,2016-07-27,1
8,2016-08-07,7
5,2016-03-30,27
9,2016-04-17,1
9,2016-08-17,494
1,2016-05-12,3
11,2016-03-29,2
9,2016-03-21,2
1,2016-08-31,2
6,2016-06-07,8
11,2016-10-09,19
15,2016-10-05,1
11,2016-07-05,4
5,2016-05-17,65
5,2016-07-02,119
11,2016-03-14,4
9,2016-05-23,4
9,2016-02-02,52
13,2016-03-27,7
5,2016-09-24,52
3,2016-04-03,1
9,2016-05-13,15
1,2016-05-04,1
7,2016-06-16,1
15,2016-09-28,1
1,2016-02-13,9
2,2016-08-01,2
2,2016-09-20,6
5,2016-05-07,10
12,2016-08-26,1
5,2016-01-31,6
3,2016-02-18,23
11,2016-10-19,25
9,2016-10-19,8
1,2016-03-20,3
11,2016-08-20,72
5,2016-01-27,7
9,2016-10-07,8
12,2016-07-19,20
10,2016-05-15,2
5,2016-06-17,140
9,2016-04-22,8
13,2016-04-04,1
5,2016-06-20,215
9,2016-04-06,4
11,2016-06-26,2
1,2016-10-07,4
10,2016-05-28,3
9,2016-04-18,5
1,2016-05-20,11
14,2016-07-29,1
11,2016-06-12,6
9,2016-03-31,9
1,2016-08-29,6
1,2016-05-13,1
2,2016-06-02,4
12,2016-10-10,1
11,2016-03-28,4
11,2016-04-30,3
9,2016-03-20,2
1,2016-08-30,10
11,2016-10-01,22
5,2016-05-25,34
1,2016-06-02,1
1,2016-08-02,4
2,2016-10-26,4
5,2016-02-13,9
11,2016-04-20,4
5,2016-08-26,59
11,2016-07-17,137
1,2016-02-05,18
2,2016-09-10,15
3,2016-02-23,3
12,2016-01-27,1
1,2016-08-10,3
5,2016-02-23,72
2,2016-08-17,1
14,2016-09-14,3
5,2016-08-30,79
11,2016-05-17,20
15,2016-04-28,1
11,2016-03-12,9
5,2016-09-30,55
2,2016-10-08,3
9,2016-05-25,3
11,2016-09-23,25
5,2016-04-24,18
8,2016-03-17,1
15,2016-09-21,1
11,2016-08-02,57
4,2016-06-16,6
1,2016-02-12,14
2,2016-09-21,4
3,2016-05-02,1
5,2016-08-01,46
5,2016-05-06,20
10,2016-10-30,4
5,2016-09-11,42
9,2016-02-21,6
5,2016-06-13,138
12,2016-05-28,1
11,2016-02-25,22
5,2016-04-10,11
11,2016-01-11,1
9,2016-09-28,14
1,2016-02-25,6
2,2016-09-30,7
5,2016-01-05,7
11,2016-01-29,2
10,2016-08-05,1
9,2016-10-25,8
5,2016-06-28,306
1,2016-04-02,1
5,2016-03-14,24
8,2016-08-27,2
9,2016-01-29,6
1,2016-09-05,4
12,2016-07-20,3
9,2016-04-02,2
14,2016-10-20,1
6,2016-01-12,5
1,2016-03-04,9
9,2016-06-01,11
1,2016-07-04,1
10,2016-06-24,2
14,2016-07-18,14
2,2016-09-04,2
3,2016-10-14,5
2,2016-07-11,4
9,2016-07-12,11
9,2016-06-15,8
11,2016-10-08,25
11,2016-07-04,3
1,2016-02-09,12
14,2016-09-18,2
11,2016-09-06,47
5,2016-02-27,25
11,2016-07-13,115
2,2016-01-08,4
15,2016-04-22,2
5,2016-07-21,70
3,2016-03-31,2
2,2016-02-06,5
10,2016-09-21,1
14,2016-09-29,1
1,2016-02-11,11
2,2016-09-26,4
8,2016-09-08,1
1,2016-06-22,5
2,2016-08-07,1
15,2016-09-18,4
12,2016-03-08,1
5,2016-06-03,48
1,2016-04-29,5
3,2016-03-20,47
6,2016-03-21,2
4,2016-05-23,6
2,2016-05-18,5
5,2016-06-10,89
9,2016-04-21,9
2,2016-01-30,1
1,2016-09-17,2
13,2016-04-03,1
9,2016-08-29,32
5,2016-06-26,379
5,2016-10-24,87
10,2016-10-03,15
1,2016-05-31,4
11,2016-04-12,6
2,2016-05-30,1
12,2016-05-03,1
11,2016-06-29,4
9,2016-03-06,4
2,2016-03-09,5
14,2016-07-22,10
9,2016-09-01,27
11,2016-10-21,18
2,2016-03-17,14
11,2016-07-25,189
1,2016-03-18,1
1,2016-08-26,9
2,2016-04-05,9
12,2016-02-05,2
10,2016-04-21,13
12,2016-06-25,1
5,2016-05-30,21
14,2016-07-17,14
1,2016-03-03,2
9,2016-06-02,7
5,2016-03-24,24
5,2016-07-17,62
7,2016-08-27,5
1,2016-07-31,6
11,2016-05-12,8
2,2016-09-15,6
9,2016-06-26,4
1,2016-08-15,2
2,2016-08-12,1
9,2016-07-07,15
15,2016-09-09,12
12,2016-09-26,1
15,2016-05-01,1
5,2016-05-10,47
11,2016-05-13,3
2,2016-09-14,11
9,2016-06-27,4
1,2016-02-01,27
1,2016-08-14,2
2,2016-08-13,1
9,2016-07-06,9
15,2016-09-08,5
14,2016-09-10,1
12,2016-09-27,1
5,2016-05-11,45
5,2016-08-19,63
15,2016-09-25,2
2,2016-10-11,1
2,2016-02-01,1
5,2016-09-29,70
1,2016-06-23,4
15,2016-09-19,4
1,2016-02-10,8
2,2016-09-27,4
2,2016-08-06,6
2,2016-05-07,8
5,2016-09-19,56
5,2016-10-13,160
9,2016-02-29,2
9,2016-01-30,2
5,2016-10-03,140
2,2016-05-17,2
3,2016-03-12,3
2,2016-05-27,2
10,2016-10-14,6
9,2016-03-15,4
6,2016-09-09,1
9,2016-09-22,11
10,2016-10-01,1
11,2016-04-10,1
9,2016-09-11,60
11,2016-02-14,4
12,2016-05-01,2
9,2016-03-08,3
8,2016-07-18,55
1,2016-03-17,1
8,2016-07-25,17
5,2016-03-06,18
3,2016-09-17,1
9,2016-08-03,199
8,2016-08-13,4
8,2016-10-01,2
1,2016-04-14,3
1,2016-03-01,7
8,2016-08-09,9
3,2016-09-01,2
5,2016-02-04,7
10,2016-04-30,2
14,2016-07-15,121
9,2016-08-19,594
1,2016-07-09,2
1,2016-05-10,5
2,2016-06-05,1
12,2016-10-13,1
11,2016-07-30,49
1,2016-10-21,1
9,2016-03-23,4
12,2016-02-18,1
5,2016-02-08,7
1,2016-07-29,4
12,2016-10-06,1
8,2016-09-26,1
1,2016-01-30,15
2,2016-10-28,4
5,2016-02-19,93
2,2016-09-17,6
9,2016-06-20,1
3,2016-02-24,2
9,2016-07-01,11
2,2016-08-10,3
12,2016-09-20,1
5,2016-05-12,62
9,2016-05-21,4
11,2016-09-18,21
11,2016-03-16,5
13,2016-03-25,9
5,2016-04-29,31
9,2016-05-17,8
9,2016-02-10,4
2,2016-02-08,11
5,2016-09-20,75
1,2016-02-17,6
2,2016-09-24,4
8,2016-09-06,3
1,2016-06-20,4
2,2016-08-05,5
14,2016-09-06,1
2,2016-02-29,7
1,2016-03-22,1
12,2016-08-20,1
11,2016-08-30,52
2,2016-03-28,2
10,2016-05-11,28
12,2016-07-15,3
9,2016-10-03,4
1,2016-04-20,1
2,2016-01-26,2
12,2016-07-02,42
7,2016-07-01,1
5,2016-06-15,217
12,2016-06-09,3
9,2016-08-24,77
9,2016-04-24,1
1,2016-09-12,3
3,2016-03-18,3
9,2016-10-20,7
5,2016-03-11,18
9,2016-01-24,3
10,2016-05-29,3
11,2016-06-27,1
1,2016-10-06,1
9,2016-04-07,3
9,2016-01-01,1
5,2016-09-05,113
11,2016-06-11,7
2,2016-04-09,9
1,2016-05-11,2
11,2016-06-01,3
12,2016-10-12,1
11,2016-07-31,33
1,2016-10-20,5
12,2016-02-19,1
5,2016-02-09,11
11,2016-10-06,14
11,2016-07-02,6
2,2016-09-09,56
9,2016-06-18,8
1,2016-08-01,8
2,2016-10-21,9
5,2016-02-10,16
11,2016-04-23,5
11,2016-07-10,59
1,2016-02-06,6
11,2016-05-14,12
9,2016-06-28,15
1,2016-08-13,6
11,2016-09-05,38
5,2016-02-20,93
12,2016-09-28,1
9,2016-05-22,3
9,2016-02-03,10
13,2016-03-26,6
11,2016-03-15,6
11,2016-09-22,25
8,2016-09-12,2
5,2016-04-25,28
15,2016-09-20,8
11,2016-08-03,68
4,2016-06-17,2
17,2016-01-03,10
18,2016-02-05,2
17,2016-01-07,1
18,2016-08-23,2
18,2016-08-31,49
18,2016-04-29,4
17,2016-02-14,14
17,2016-08-23,23
17,2016-08-09,20
18,2016-03-03,3
17,2016-06-19,3
17,2016-10-21,8
17,2016-10-31,31
18,2016-09-03,10
17,2016-01-02,6
17,2016-04-30,6
17,2016-01-01,6
18,2016-10-03,3
17,2016-04-12,9
18,2016-07-14,1
17,2016-04-06,8
17,2016-08-29,14
18,2016-06-26,1
18,2016-06-07,8
17,2016-10-19,14
17,2016-10-25,25
18,2016-09-13,7
18,2016-02-08,1
17,2016-01-06,5
17,2016-03-02,8
17,2016-03-07,16
17,2016-03-06,7
17,2016-04-20,10
17,2016-03-12,14
18,2016-08-18,4
17,2016-03-16,10
17,2016-03-14,12
17,2016-04-09,3
18,2016-08-30,153
17,2016-07-30,1
18,2016-05-09,3
18,2016-04-21,9
18,2016-04-20,3
18,2016-05-01,5
17,2016-09-22,14
17,2016-05-09,6
17,2016-10-18,17
17,2016-02-26,6
17,2016-02-20,15
17,2016-10-24,60
18,2016-09-12,4
18,2016-02-26,5
17,2016-06-09,5
18,2016-10-16,7
17,2016-03-09,11
18,2016-10-11,1
18,2016-07-10,1
18,2016-05-17,2
18,2016-04-10,1
17,2016-07-31,2
17,2016-05-22,6
18,2016-10-23,1
18,2016-06-02,7
17,2016-02-25,11
17,2016-07-11,2
17,2016-06-16,10
18,2016-09-05,13
17,2016-01-08,4
18,2016-10-14,6
18,2016-09-24,4
17,2016-03-17,8
18,2016-08-25,4
17,2016-04-03,9
17,2016-09-24,9
17,2016-05-24,4
17,2016-05-07,8
17,2016-08-01,1
17,2016-09-11,14
17,2016-10-15,16
17,2016-10-27,66
17,2016-02-28,9
18,2016-09-11,8
17,2016-06-03,3
17,2016-07-22,2
18,2016-09-25,3
18,2016-01-10,1
18,2016-04-11,5
17,2016-09-30,9
18,2016-05-21,2
17,2016-08-12,9
18,2016-03-18,5
17,2016-05-04,6
17,2016-08-08,11
18,2016-03-02,2
17,2016-02-23,21
17,2016-06-08,2
18,2016-02-03,5
18,2016-09-27,1
17,2016-04-10,1
18,2016-01-09,1
18,2016-07-01,4
17,2016-03-31,8
17,2016-08-30,11
17,2016-05-29,6
17,2016-09-21,10
17,2016-08-17,15
18,2016-10-26,10
17,2016-09-05,22
17,2016-01-29,12
18,2016-09-08,6
18,2016-02-01,1
17,2016-03-03,7
18,2016-05-18,5
18,2016-08-20,15
18,2016-04-28,5
17,2016-05-30,10
17,2016-02-07,12
18,2016-03-14,1
18,2016-05-25,4
17,2016-05-18,8
18,2016-03-04,1
17,2016-06-18,1
17,2016-10-20,13
18,2016-09-01,16
18,2016-02-06,1
18,2016-07-19,2
17,2016-03-10,6
18,2016-04-03,3
18,2016-01-06,1
17,2016-04-17,1
17,2016-04-08,9
17,2016-02-19,5
18,2016-06-06,16
17,2016-05-19,6
18,2016-03-05,1
18,2016-09-17,5
17,2016-06-01,12
17,2016-07-20,5
18,2016-09-30,1
18,2016-10-19,6
17,2016-01-05,5
17,2016-04-18,9
18,2016-04-08,17
17,2016-04-16,6
18,2016-01-30,1
17,2016-02-04,2
18,2016-03-13,1
18,2016-05-26,1
18,2016-10-28,4
17,2016-08-02,1
17,2016-09-17,8
17,2016-10-17,14
17,2016-05-17,5
17,2016-01-25,5
18,2016-02-23,1
17,2016-07-27,2
17,2016-06-06,4
17,2016-01-30,4
17,2016-01-04,8
18,2016-10-18,4
17,2016-10-09,19
18,2016-05-28,10
17,2016-02-02,9
18,2016-03-11,1
17,2016-10-13,22
17,2016-05-13,11
18,2016-06-19,2
17,2016-07-16,5
17,2016-06-11,2
17,2016-01-27,9
17,2016-10-29,24
17,2016-07-21,8
18,2016-09-28,4
18,2016-10-13,4
18,2016-10-01,9
17,2016-03-26,13
17,2016-09-25,11
17,2016-05-25,11
17,2016-02-01,9
17,2016-08-18,23
17,2016-09-14,12
17,2016-10-10,10
17,2016-05-14,4
17,2016-07-17,1
17,2016-01-26,17
17,2016-06-10,5
17,2016-10-28,56
17,2016-07-25,14
17,2016-06-04,8
18,2016-03-30,3
18,2016-09-29,4
18,2016-10-12,6
18,2016-02-11,1
17,2016-03-15,10
18,2016-08-22,1
18,2016-05-07,5
18,2016-04-26,4
17,2016-09-27,11
18,2016-01-22,5
17,2016-05-27,6
18,2016-03-17,4
18,2016-05-22,2
17,2016-02-08,7
17,2016-08-11,18
17,2016-09-08,4
17,2016-10-04,7
18,2016-06-18,7
17,2016-10-12,11
17,2016-05-12,8
17,2016-02-27,7
17,2016-01-24,2
17,2016-03-08,7
18,2016-10-10,1
18,2016-09-21,3
18,2016-05-11,10
18,2016-04-16,6
17,2016-03-23,10
17,2016-04-01,7
18,2016-04-19,4
18,2016-04-22,9
18,2016-05-03,8
18,2016-01-28,1
17,2016-10-08,11
17,2016-02-03,27
18,2016-05-29,1
18,2016-03-08,7
18,2016-10-24,1
18,2016-06-12,1
17,2016-07-01,12
17,2016-02-21,12
17,2016-01-28,8
17,2016-06-02,6
17,2016-07-23,2
18,2016-08-09,2
18,2016-09-20,2
18,2016-09-23,2
18,2016-06-22,1
18,2016-01-29,1
17,2016-08-19,12
17,2016-05-11,14
18,2016-06-13,5
17,2016-10-26,32
18,2016-09-10,18
17,2016-02-29,7
17,2016-07-18,2
17,2016-07-24,7
17,2016-06-05,11
17,2016-03-01,10
18,2016-02-18,1
18,2016-09-22,1
17,2016-01-09,4
18,2016-08-15,1
18,2016-08-29,1
17,2016-04-15,3
18,2016-05-06,2
18,2016-04-27,5
17,2016-08-21,19
17,2016-02-16,10
18,2016-05-30,2
18,2016-10-31,2
17,2016-10-03,12
17,2016-05-03,3
18,2016-10-25,2
17,2016-05-10,2
18,2016-09-19,2
18,2016-02-14,1
17,2016-03-05,8
17,2016-03-18,8
18,2016-08-16,1
17,2016-03-25,7
17,2016-09-26,19
17,2016-05-26,10
18,2016-01-23,2
17,2016-10-01,19
17,2016-05-05,4
18,2016-02-29,6
17,2016-07-12,1
17,2016-06-15,3
17,2016-01-23,3
18,2016-02-15,2
17,2016-03-04,9
18,2016-04-07,19
17,2016-05-28,3
17,2016-09-20,9
18,2016-06-09,2
17,2016-10-07,13
18,2016-06-10,1
17,2016-09-12,7
18,2016-07-26,1
18,2016-02-10,3
18,2016-09-26,6
18,2016-04-06,11
18,2016-05-10,3
17,2016-03-22,11
18,2016-04-17,11
17,2016-05-20,5
17,2016-09-28,16
18,2016-01-25,2
17,2016-08-24,20
17,2016-02-13,17
17,2016-10-02,14
17,2016-05-02,10
17,2016-08-04,2
17,2016-09-18,12
18,2016-09-07,9
17,2016-01-31,5
17,2016-06-07,7
17,2016-07-26,2
17,2016-01-14,16
18,2016-07-24,2
17,2016-04-13,7
18,2016-04-13,6
17,2016-08-31,12
17,2016-03-30,22
18,2016-06-25,6
17,2016-08-16,17
17,2016-09-02,18
18,2016-06-04,2
18,2016-06-11,1
17,2016-09-13,16
17,2016-06-17,3
17,2016-07-28,2
18,2016-07-25,4
18,2016-02-13,1
17,2016-04-11,5
18,2016-05-19,3
18,2016-05-08,7
17,2016-02-17,5
17,2016-08-20,13
18,2016-05-31,12
17,2016-08-03,2
18,2016-10-29,4
18,2016-06-15,1
17,2016-07-02,4
17,2016-06-20,2
17,2016-04-28,7
17,2016-04-14,3
18,2016-08-28,1
17,2016-04-05,7
18,2016-07-03,2
17,2016-03-28,19
18,2016-04-24,5
18,2016-05-05,3
17,2016-08-28,17
18,2016-10-22,1
17,2016-09-01,9
18,2016-06-03,2
17,2016-09-19,11
18,2016-06-17,5
17,2016-06-21,2
17,2016-04-29,9
17,2016-04-07,6
17,2016-08-22,12
17,2016-02-15,7
18,2016-04-30,6
18,2016-05-20,3
17,2016-08-13,7
18,2016-03-19,2
18,2016-10-20,2
17,2016-09-07,7
18,2016-06-01,17
17,2016-02-22,12
18,2016-09-06,9
17,2016-04-26,14
17,2016-06-22,2
17,2016-01-10,2
18,2016-07-20,1
17,2016-03-13,12
18,2016-03-29,1
18,2016-08-19,11
18,2016-04-15,4
18,2016-05-12,8
17,2016-03-20,6
17,2016-05-31,1
17,2016-08-15,12
17,2016-09-09,11
17,2016-10-05,22
17,2016-05-01,9
17,2016-08-06,4
17,2016-02-24,6
17,2016-04-27,10
17,2016-06-23,1
17,2016-01-11,3
18,2016-07-21,1
18,2016-10-02,4
17,2016-03-11,9
17,2016-04-04,8
18,2016-07-02,1
17,2016-03-29,17
17,2016-05-23,7
18,2016-01-26,3
17,2016-08-14,7
18,2016-06-08,4
17,2016-10-06,12
18,2016-09-14,6
18,2016-09-09,7
17,2016-04-24,8
17,2016-06-24,6
17,2016-01-12,6
17,2016-03-27,32
18,2016-05-02,5
18,2016-04-23,2
17,2016-08-27,11
17,2016-02-10,4
17,2016-02-05,8
18,2016-03-12,2
18,2016-05-27,3
17,2016-08-05,4
17,2016-07-09,3
17,2016-07-19,7
17,2016-04-25,14
17,2016-06-25,10
17,2016-01-13,10
18,2016-08-26,2
18,2016-01-03,1
18,2016-04-18,3
17,2016-08-10,10
18,2016-03-16,4
18,2016-05-23,4
17,2016-02-09,11
17,2016-09-06,13
17,2016-10-22,15
17,2016-10-30,42
18,2016-09-02,13
18,2016-10-09,4
17,2016-04-23,12
18,2016-04-25,3
18,2016-05-04,2
17,2016-08-25,16
17,2016-02-12,16
17,2016-05-08,5
18,2016-03-01,1
17,2016-08-07,7
17,2016-07-08,6
17,2016-06-29,1
17,2016-04-21,4
18,2016-10-08,1
17,2016-04-22,8
17,2016-04-02,8
18,2016-06-24,3
17,2016-05-06,4
17,2016-09-15,19
17,2016-10-11,23
17,2016-05-15,4
18,2016-06-14,2
17,2016-07-03,2
17,2016-10-23,17
18,2016-03-22,3
18,2016-08-12,2
18,2016-10-04,23
17,2016-03-19,7
18,2016-07-13,3
17,2016-04-19,5
18,2016-04-09,5
17,2016-03-24,9
18,2016-01-24,1
17,2016-05-21,7
17,2016-09-29,13
18,2016-06-21,2
17,2016-09-23,9
17,2016-02-06,9
18,2016-03-15,4
18,2016-05-24,6
17,2016-09-03,8
18,2016-06-05,4
17,2016-09-16,8
17,2016-10-16,14
17,2016-05-16,6
18,2016-09-15,1
17,2016-06-12,5
18,2016-03-20,1
18,2016-10-06,1
18,2016-03-23,1
18,2016-10-05,12
18,2016-04-14,10
18,2016-05-13,5
17,2016-03-21,11
18,2016-01-31,2
17,2016-02-11,8
17,2016-08-26,8
17,2016-06-13,7
18,2016-09-04,27
18,2016-08-11,1
18,2016-03-21,2
18,2016-10-07,7
18,2016-04-05,3
18,2016-08-14,1
18,2016-07-04,1
18,2016-04-12,3
18,2016-05-15,8
18,2016-06-28,1
17,2016-02-18,4
18,2016-10-27,2
17,2016-09-04,11
17,2016-09-10,13
17,2016-10-14,28
18,2016-09-16,2
18,2016-02-28,6
17,2016-06-14,3
17,2016-07-13,2
17,2016-01-22,9
